"period","female","gender","mean_logy","n_worker_years","n_workers"
"full",0,"Male",2.94806740426931,911282,193115
"full",1,"Female",2.80720678439072,858566,181260
"pre",0,"Male",2.88518919081838,374291,192289
"pre",1,"Female",2.74854381163533,349340,180403
"post",0,"Male",3.0106203332394,356446,180985
"post",1,"Female",2.86582484089193,338290,171870
