"year","gender","workers","firms","Mean log wage","Mean AKM psi","num_ee","num_ene","ee_rate","ene_rate"
2018,"Female",10155,1000,3.00929250865696,-0.000127458747182551,950,16819,0.00779583128179879,0.138019038240604
2018,"Male",9845,1000,3.01965284236702,8.27784908658306e-05,906,16370,0.00766886744540376,0.138564415100728
2019,"Female",10155,1000,3.01339964671822,0.000127458747182552,942,17721,0.00773018217626785,0.145420974889217
2019,"Male",9845,1000,3.00896574293626,-8.27784908658319e-05,936,17370,0.00792280345352971,0.147028948704926
2021,"Female",9584,1000,3.01518034468163,-5.57008054168021e-05,896,16184,0.00735269981946496,0.132808140489086
2021,"Male",9275,1000,3.01611783584296,4.50084570535636e-05,765,15557,0.00647536820721178,0.131682749280515
2022,"Female",9109,1000,3.0145013003961,5.860539237179e-05,716,14369,0.00640973994002059,0.128633454187369
2022,"Male",8778,1000,3.01800769229768,-4.75567827719087e-05,711,13900,0.00656540006463826,0.128353109561845
